<response><row><row _id="row-rinz~ivwu-k6ns" _uuid="00000000-0000-0000-1517-97601A11A4FD" _position="0" _address="https://data.cityofnewyork.us/resource/xi7c-iiu2/row-rinz~ivwu-k6ns"><borough>Bronx</borough><cd_number>1</cd_number><cd_name>Melrose, Mott Haven, Port Morris</cd_name><_1970_population>138557</_1970_population><_1980_population>78441</_1980_population><_1990_population>77214</_1990_population><_2000_population>82159</_2000_population><_2010_population>91497</_2010_population></row><row _id="row-m3a8~jv4q_hu3u" _uuid="00000000-0000-0000-4B65-A9D960B200AB" _position="0" _address="https://data.cityofnewyork.us/resource/xi7c-iiu2/row-m3a8~jv4q_hu3u"><borough>Bronx</borough><cd_number>2</cd_number><cd_name>Hunts Point, Longwood</cd_name><_1970_population>99493</_1970_population><_1980_population>34399</_1980_population><_1990_population>39443</_1990_population><_2000_population>46824</_2000_population><_2010_population>52246</_2010_population></row><row _id="row-c57a-vdpa_9b6z" _uuid="00000000-0000-0000-0E43-DFF7D4C65DD5" _position="0" _address="https://data.cityofnewyork.us/resource/xi7c-iiu2/row-c57a-vdpa_9b6z"><borough>Bronx</borough><cd_number>3</cd_number><cd_name>Morrisania, Crotona Park East</cd_name><_1970_population>150636</_1970_population><_1980_population>53635</_1980_population><_1990_population>57162</_1990_population><_2000_population>68574</_2000_population><_2010_population>79762</_2010_population></row><row _id="row-yfzh_9uk3.n9w3" _uuid="00000000-0000-0000-EB1C-489EBA3657B2" _position="0" _address="https://data.cityofnewyork.us/resource/xi7c-iiu2/row-yfzh_9uk3.n9w3"><borough>Bronx</borough><cd_number>4</cd_number><cd_name>Highbridge, Concourse Village</cd_name><_1970_population>144207</_1970_population><_1980_population>114312</_1980_population><_1990_population>119962</_1990_population><_2000_population>139563</_2000_population><_2010_population>146441</_2010_population></row><row _id="row-4tvd.wgqm-9uxc" _uuid="00000000-0000-0000-074F-2D18E9FB7B0C" _position="0" _address="https://data.cityofnewyork.us/resource/xi7c-iiu2/row-4tvd.wgqm-9uxc"><borough>Bronx</borough><cd_number>5</cd_number><cd_name>University Hts., Fordham, Mt. Hope</cd_name><_1970_population>121807</_1970_population><_1980_population>107995</_1980_population><_1990_population>118435</_1990_population><_2000_population>128313</_2000_population><_2010_population>128200</_2010_population></row><row _id="row-9zfh.i2n4~ca6e" _uuid="00000000-0000-0000-B06C-84E0C9363E8A" _position="0" _address="https://data.cityofnewyork.us/resource/xi7c-iiu2/row-9zfh.i2n4~ca6e"><borough>Bronx</borough><cd_number>6</cd_number><cd_name>East Tremont, Belmont</cd_name><_1970_population>114137</_1970_population><_1980_population>65016</_1980_population><_1990_population>68061</_1990_population><_2000_population>75688</_2000_population><_2010_population>83268</_2010_population></row><row _id="row-2dj3~4sxx_4hqv" _uuid="00000000-0000-0000-4033-4F60A6E61B06" _position="0" _address="https://data.cityofnewyork.us/resource/xi7c-iiu2/row-2dj3~4sxx_4hqv"><borough>Bronx</borough><cd_number>7</cd_number><cd_name>Bedford Park, Norwood, Fordham</cd_name><_1970_population>113764</_1970_population><_1980_population>116827</_1980_population><_1990_population>128588</_1990_population><_2000_population>141411</_2000_population><_2010_population>139286</_2010_population></row><row _id="row-nii7.drjz~n6pa" _uuid="00000000-0000-0000-55EF-B3E152FBA992" _position="0" _address="https://data.cityofnewyork.us/resource/xi7c-iiu2/row-nii7.drjz~n6pa"><borough>Bronx</borough><cd_number>8</cd_number><cd_name>Riverdale, Kingsbridge, Marble Hill</cd_name><_1970_population>103543</_1970_population><_1980_population>98275</_1980_population><_1990_population>97030</_1990_population><_2000_population>101332</_2000_population><_2010_population>101731</_2010_population></row><row _id="row-bf3z~ctf9.aehu" _uuid="00000000-0000-0000-8C70-9A02100D554D" _position="0" _address="https://data.cityofnewyork.us/resource/xi7c-iiu2/row-bf3z~ctf9.aehu"><borough>Bronx</borough><cd_number>9</cd_number><cd_name>Soundview, Parkchester</cd_name><_1970_population>166442</_1970_population><_1980_population>167627</_1980_population><_1990_population>155970</_1990_population><_2000_population>167859</_2000_population><_2010_population>172298</_2010_population></row><row _id="row-v7is-5nj4_buzj" _uuid="00000000-0000-0000-8FEB-12610CC8981B" _position="0" _address="https://data.cityofnewyork.us/resource/xi7c-iiu2/row-v7is-5nj4_buzj"><borough>Bronx</borough><cd_number>10</cd_number><cd_name>Throgs Nk., Co-op City, Pelham Bay</cd_name><_1970_population>84948</_1970_population><_1980_population>106516</_1980_population><_1990_population>108093</_1990_population><_2000_population>115948</_2000_population><_2010_population>120392</_2010_population></row><row _id="row-qwf9-d6jp~47pn" _uuid="00000000-0000-0000-BAEE-84DEF25F29F0" _position="0" _address="https://data.cityofnewyork.us/resource/xi7c-iiu2/row-qwf9-d6jp~47pn"><borough>Bronx</borough><cd_number>11</cd_number><cd_name>Pelham Pkwy, Morris Park, Laconia</cd_name><_1970_population>105980</_1970_population><_1980_population>99080</_1980_population><_1990_population>97842</_1990_population><_2000_population>110706</_2000_population><_2010_population>113232</_2010_population></row><row _id="row-x6mx~b9hz_s7gn" _uuid="00000000-0000-0000-4672-B16159047009" _position="0" _address="https://data.cityofnewyork.us/resource/xi7c-iiu2/row-x6mx~b9hz_s7gn"><borough>Bronx</borough><cd_number>12</cd_number><cd_name>Wakefield, Williamsbridge</cd_name><_1970_population>135010</_1970_population><_1980_population>128226</_1980_population><_1990_population>129620</_1990_population><_2000_population>149077</_2000_population><_2010_population>152344</_2010_population></row><row _id="row-abtc.it3w_65y5" _uuid="00000000-0000-0000-4197-E48C2588FE97" _position="0" _address="https://data.cityofnewyork.us/resource/xi7c-iiu2/row-abtc.it3w_65y5"><borough>Brooklyn</borough><cd_number>1</cd_number><cd_name>Williamsburg, Greenpoint</cd_name><_1970_population>179390</_1970_population><_1980_population>142942</_1980_population><_1990_population>155972</_1990_population><_2000_population>160338</_2000_population><_2010_population>173083</_2010_population></row><row _id="row-wji6.xij4.8tmc" _uuid="00000000-0000-0000-117C-F53D5B927927" _position="0" _address="https://data.cityofnewyork.us/resource/xi7c-iiu2/row-wji6.xij4.8tmc"><borough>Brooklyn</borough><cd_number>2</cd_number><cd_name>Brooklyn Heights, Fort Greene</cd_name><_1970_population>110221</_1970_population><_1980_population>92732</_1980_population><_1990_population>94534</_1990_population><_2000_population>98620</_2000_population><_2010_population>99617</_2010_population></row><row _id="row-rmkc_2yyd_4pac" _uuid="00000000-0000-0000-B530-7CADA077F7E3" _position="0" _address="https://data.cityofnewyork.us/resource/xi7c-iiu2/row-rmkc_2yyd_4pac"><borough>Brooklyn</borough><cd_number>3</cd_number><cd_name>Bedford Stuyvesant</cd_name><_1970_population>203380</_1970_population><_1980_population>133379</_1980_population><_1990_population>138696</_1990_population><_2000_population>143867</_2000_population><_2010_population>152985</_2010_population></row><row _id="row-mppq_8wkj-jaqz" _uuid="00000000-0000-0000-508A-EF16DC970DE3" _position="0" _address="https://data.cityofnewyork.us/resource/xi7c-iiu2/row-mppq_8wkj-jaqz"><borough>Brooklyn</borough><cd_number>4</cd_number><cd_name>Bushwick</cd_name><_1970_population>137902</_1970_population><_1980_population>92497</_1980_population><_1990_population>102572</_1990_population><_2000_population>104358</_2000_population><_2010_population>112634</_2010_population></row><row _id="row-3bii~9mik-ius9" _uuid="00000000-0000-0000-599A-BC7E43266F39" _position="0" _address="https://data.cityofnewyork.us/resource/xi7c-iiu2/row-3bii~9mik-ius9"><borough>Brooklyn</borough><cd_number>5</cd_number><cd_name>East New York, Starrett City</cd_name><_1970_population>170791</_1970_population><_1980_population>154931</_1980_population><_1990_population>161350</_1990_population><_2000_population>173198</_2000_population><_2010_population>182896</_2010_population></row><row _id="row-bxhn.9dv4-4qvv" _uuid="00000000-0000-0000-EC14-937129CA2BD2" _position="0" _address="https://data.cityofnewyork.us/resource/xi7c-iiu2/row-bxhn.9dv4-4qvv"><borough>Brooklyn</borough><cd_number>6</cd_number><cd_name>Park Slope, Carroll Gardens</cd_name><_1970_population>138933</_1970_population><_1980_population>110228</_1980_population><_1990_population>102724</_1990_population><_2000_population>104054</_2000_population><_2010_population>104709</_2010_population></row><row _id="row-99h9_4482-wf8b" _uuid="00000000-0000-0000-20B5-D48BEB184A41" _position="0" _address="https://data.cityofnewyork.us/resource/xi7c-iiu2/row-99h9_4482-wf8b"><borough>Brooklyn</borough><cd_number>7</cd_number><cd_name>Sunset Park, Windsor Terrace</cd_name><_1970_population>111607</_1970_population><_1980_population>98567</_1980_population><_1990_population>102553</_1990_population><_2000_population>120063</_2000_population><_2010_population>126230</_2010_population></row><row _id="row-nbd7_eb4p-jxwi" _uuid="00000000-0000-0000-7332-C6A7C28E5E09" _position="0" _address="https://data.cityofnewyork.us/resource/xi7c-iiu2/row-nbd7_eb4p-jxwi"><borough>Brooklyn</borough><cd_number>8</cd_number><cd_name>Crown Heights North</cd_name><_1970_population>121821</_1970_population><_1980_population>88796</_1980_population><_1990_population>96400</_1990_population><_2000_population>96076</_2000_population><_2010_population>96317</_2010_population></row><row _id="row-qpr9~s4iy_ssh9" _uuid="00000000-0000-0000-55A4-75BE7713849A" _position="0" _address="https://data.cityofnewyork.us/resource/xi7c-iiu2/row-qpr9~s4iy_ssh9"><borough>Brooklyn</borough><cd_number>9</cd_number><cd_name>Crown Heights South, Wingate</cd_name><_1970_population>101047</_1970_population><_1980_population>96669</_1980_population><_1990_population>110715</_1990_population><_2000_population>104014</_2000_population><_2010_population>98429</_2010_population></row><row _id="row-xb63.hu6b~3g74" _uuid="00000000-0000-0000-6F05-9DDF60B38258" _position="0" _address="https://data.cityofnewyork.us/resource/xi7c-iiu2/row-xb63.hu6b~3g74"><borough>Brooklyn</borough><cd_number>10</cd_number><cd_name>Bay Ridge, Dyker Heights</cd_name><_1970_population>129822</_1970_population><_1980_population>118187</_1980_population><_1990_population>110612</_1990_population><_2000_population>122542</_2000_population><_2010_population>124491</_2010_population></row><row _id="row-brin.82ss_yf2x" _uuid="00000000-0000-0000-333B-158375430B6A" _position="0" _address="https://data.cityofnewyork.us/resource/xi7c-iiu2/row-brin.82ss_yf2x"><borough>Brooklyn</borough><cd_number>11</cd_number><cd_name>Bensonhurst, Bath Beach </cd_name><_1970_population>170119</_1970_population><_1980_population>155072</_1980_population><_1990_population>149994</_1990_population><_2000_population>172129</_2000_population><_2010_population>181981</_2010_population></row><row _id="row-rf4k_twvh-hmwh" _uuid="00000000-0000-0000-FC07-EC02AF264A8B" _position="0" _address="https://data.cityofnewyork.us/resource/xi7c-iiu2/row-rf4k_twvh-hmwh"><borough>Brooklyn</borough><cd_number>12</cd_number><cd_name>Borough Park, Ocean Parkway</cd_name><_1970_population>166301</_1970_population><_1980_population>155899</_1980_population><_1990_population>160018</_1990_population><_2000_population>185046</_2000_population><_2010_population>191382</_2010_population></row><row _id="row-3wzi_duen-2cf3" _uuid="00000000-0000-0000-01A6-CFA2DDC80E79" _position="0" _address="https://data.cityofnewyork.us/resource/xi7c-iiu2/row-3wzi_duen-2cf3"><borough>Brooklyn</borough><cd_number>13</cd_number><cd_name>Coney Island, Brighton Beach</cd_name><_1970_population>97750</_1970_population><_1980_population>100030</_1980_population><_1990_population>102596</_1990_population><_2000_population>106120</_2000_population><_2010_population>104278</_2010_population></row><row _id="row-pigx_wr9g~rndk" _uuid="00000000-0000-0000-89EF-C3AB69D31911" _position="0" _address="https://data.cityofnewyork.us/resource/xi7c-iiu2/row-pigx_wr9g~rndk"><borough>Brooklyn</borough><cd_number>14</cd_number><cd_name>Flatbush, Midwood</cd_name><_1970_population>137041</_1970_population><_1980_population>143859</_1980_population><_1990_population>159825</_1990_population><_2000_population>168806</_2000_population><_2010_population>160664</_2010_population></row><row _id="row-bba6-kmef.y4br" _uuid="00000000-0000-0000-E9D6-897DF7790A21" _position="0" _address="https://data.cityofnewyork.us/resource/xi7c-iiu2/row-bba6-kmef.y4br"><borough>Brooklyn</borough><cd_number>15</cd_number><cd_name>Sheepshead Bay, Gerritsen Beach</cd_name><_1970_population>164815</_1970_population><_1980_population>149572</_1980_population><_1990_population>143477</_1990_population><_2000_population>160319</_2000_population><_2010_population>159650</_2010_population></row><row _id="row-qygg_uf4i~rrhg" _uuid="00000000-0000-0000-3869-9BF1BF456982" _position="0" _address="https://data.cityofnewyork.us/resource/xi7c-iiu2/row-qygg_uf4i~rrhg"><borough>Brooklyn</borough><cd_number>16</cd_number><cd_name>Brownsville, Ocean Hill</cd_name><_1970_population>122589</_1970_population><_1980_population>73801</_1980_population><_1990_population>84923</_1990_population><_2000_population>85343</_2000_population><_2010_population>86468</_2010_population></row><row _id="row-ekzr-882z-5dye" _uuid="00000000-0000-0000-B1E0-CBD23A728939" _position="0" _address="https://data.cityofnewyork.us/resource/xi7c-iiu2/row-ekzr-882z-5dye"><borough>Brooklyn</borough><cd_number>17</cd_number><cd_name>East Flatbush, Rugby, Farragut</cd_name><_1970_population>149496</_1970_population><_1980_population>154596</_1980_population><_1990_population>161261</_1990_population><_2000_population>165753</_2000_population><_2010_population>155252</_2010_population></row><row _id="row-xse7_vy25-vswx" _uuid="00000000-0000-0000-B08E-A9789B3F7D7E" _position="0" _address="https://data.cityofnewyork.us/resource/xi7c-iiu2/row-xse7_vy25-vswx"><borough>Brooklyn</borough><cd_number>18</cd_number><cd_name>Canarsie, Flatlands</cd_name><_1970_population>188643</_1970_population><_1980_population>169092</_1980_population><_1990_population>162428</_1990_population><_2000_population>194653</_2000_population><_2010_population>193543</_2010_population></row><row _id="row-bj3z~yr8f-igh8" _uuid="00000000-0000-0000-B780-B63F5941C17F" _position="0" _address="https://data.cityofnewyork.us/resource/xi7c-iiu2/row-bj3z~yr8f-igh8"><borough>Manhattan</borough><cd_number>1</cd_number><cd_name>Battery Park City, Tribeca</cd_name><_1970_population>7706</_1970_population><_1980_population>15918</_1980_population><_1990_population>25366</_1990_population><_2000_population>34420</_2000_population><_2010_population>60978</_2010_population></row><row _id="row-aykv_nmhc_sfj6" _uuid="00000000-0000-0000-6409-45B41D053090" _position="0" _address="https://data.cityofnewyork.us/resource/xi7c-iiu2/row-aykv_nmhc_sfj6"><borough>Manhattan</borough><cd_number>2</cd_number><cd_name>Greenwich Village, Soho</cd_name><_1970_population>84337</_1970_population><_1980_population>87069</_1980_population><_1990_population>94105</_1990_population><_2000_population>93119</_2000_population><_2010_population>90016</_2010_population></row><row _id="row-fp86_5gdz-fg3j" _uuid="00000000-0000-0000-38A2-9819C412E8BF" _position="0" _address="https://data.cityofnewyork.us/resource/xi7c-iiu2/row-fp86_5gdz-fg3j"><borough>Manhattan</borough><cd_number>3</cd_number><cd_name>Lower East Side, Chinatown</cd_name><_1970_population>181845</_1970_population><_1980_population>154848</_1980_population><_1990_population>161617</_1990_population><_2000_population>164407</_2000_population><_2010_population>163277</_2010_population></row><row _id="row-9b27-f5ec-zjd3" _uuid="00000000-0000-0000-81B4-81D9DEA3498E" _position="0" _address="https://data.cityofnewyork.us/resource/xi7c-iiu2/row-9b27-f5ec-zjd3"><borough>Manhattan</borough><cd_number>4</cd_number><cd_name>Chelsea, Clinton</cd_name><_1970_population>83601</_1970_population><_1980_population>82164</_1980_population><_1990_population>84431</_1990_population><_2000_population>87479</_2000_population><_2010_population>103245</_2010_population></row><row _id="row-3twe-sc67.6cd9" _uuid="00000000-0000-0000-CE80-8C92B1262032" _position="0" _address="https://data.cityofnewyork.us/resource/xi7c-iiu2/row-3twe-sc67.6cd9"><borough>Manhattan</borough><cd_number>5</cd_number><cd_name>Midtown Business District</cd_name><_1970_population>31076</_1970_population><_1980_population>39544</_1980_population><_1990_population>43507</_1990_population><_2000_population>44028</_2000_population><_2010_population>51673</_2010_population></row><row _id="row-p2tw.cuzw.3bvs" _uuid="00000000-0000-0000-0FED-CA51A0DDB360" _position="0" _address="https://data.cityofnewyork.us/resource/xi7c-iiu2/row-p2tw.cuzw.3bvs"><borough>Manhattan</borough><cd_number>6</cd_number><cd_name>Stuyvesant Town, Turtle Bay</cd_name><_1970_population>122465</_1970_population><_1980_population>127554</_1980_population><_1990_population>133748</_1990_population><_2000_population>136152</_2000_population><_2010_population>142745</_2010_population></row><row _id="row-ydkh_m9ht~sreg" _uuid="00000000-0000-0000-AD65-C9528A66A3C5" _position="0" _address="https://data.cityofnewyork.us/resource/xi7c-iiu2/row-ydkh_m9ht~sreg"><borough>Manhattan</borough><cd_number>7</cd_number><cd_name>West Side, Upper West Side</cd_name><_1970_population>212422</_1970_population><_1980_population>206669</_1980_population><_1990_population>210993</_1990_population><_2000_population>207699</_2000_population><_2010_population>209084</_2010_population></row><row _id="row-m59i-x7jp~6k4j" _uuid="00000000-0000-0000-1BE1-0759560FC278" _position="0" _address="https://data.cityofnewyork.us/resource/xi7c-iiu2/row-m59i-x7jp~6k4j"><borough>Manhattan</borough><cd_number>8</cd_number><cd_name>Upper East Side</cd_name><_1970_population>200851</_1970_population><_1980_population>204305</_1980_population><_1990_population>210880</_1990_population><_2000_population>217063</_2000_population><_2010_population>219920</_2010_population></row><row _id="row-ejvx~5dq7-k7at" _uuid="00000000-0000-0000-B112-8706596963F2" _position="0" _address="https://data.cityofnewyork.us/resource/xi7c-iiu2/row-ejvx~5dq7-k7at"><borough>Manhattan</borough><cd_number>9</cd_number><cd_name>Manhattanville, Hamilton Heights</cd_name><_1970_population>113606</_1970_population><_1980_population>103038</_1980_population><_1990_population>106978</_1990_population><_2000_population>111724</_2000_population><_2010_population>110193</_2010_population></row><row _id="row-rs7g.h5pe_vt9u" _uuid="00000000-0000-0000-4164-DE13C5ECD472" _position="0" _address="https://data.cityofnewyork.us/resource/xi7c-iiu2/row-rs7g.h5pe_vt9u"><borough>Manhattan</borough><cd_number>10</cd_number><cd_name>Central Harlem</cd_name><_1970_population>159267</_1970_population><_1980_population>105641</_1980_population><_1990_population>99519</_1990_population><_2000_population>107109</_2000_population><_2010_population>115723</_2010_population></row><row _id="row-mpcm.56c7_ztgr" _uuid="00000000-0000-0000-AABA-9DB07D171C2E" _position="0" _address="https://data.cityofnewyork.us/resource/xi7c-iiu2/row-mpcm.56c7_ztgr"><borough>Manhattan</borough><cd_number>11</cd_number><cd_name>East Harlem</cd_name><_1970_population>154662</_1970_population><_1980_population>114569</_1980_population><_1990_population>110508</_1990_population><_2000_population>117743</_2000_population><_2010_population>120511</_2010_population></row><row _id="row-xjmw~9ezt.8wrn" _uuid="00000000-0000-0000-85CC-EBCDE0048EC3" _position="0" _address="https://data.cityofnewyork.us/resource/xi7c-iiu2/row-xjmw~9ezt.8wrn"><borough>Manhattan</borough><cd_number>12</cd_number><cd_name>Washington Heights, Inwood</cd_name><_1970_population>180561</_1970_population><_1980_population>179941</_1980_population><_1990_population>198192</_1990_population><_2000_population>208414</_2000_population><_2010_population>190020</_2010_population></row><row _id="row-xzej.fhz8_fi7g" _uuid="00000000-0000-0000-0E50-7BC0EFF8A107" _position="0" _address="https://data.cityofnewyork.us/resource/xi7c-iiu2/row-xzej.fhz8_fi7g"><borough>Queens</borough><cd_number>1</cd_number><cd_name>Astoria, Long Island City</cd_name><_1970_population>185925</_1970_population><_1980_population>185198</_1980_population><_1990_population>188549</_1990_population><_2000_population>211220</_2000_population><_2010_population>191105</_2010_population></row><row _id="row-4sn4-hqsh-2jai" _uuid="00000000-0000-0000-7EE0-086CC747D327" _position="0" _address="https://data.cityofnewyork.us/resource/xi7c-iiu2/row-4sn4-hqsh-2jai"><borough>Queens</borough><cd_number>2</cd_number><cd_name>Sunnyside, Woodside</cd_name><_1970_population>95073</_1970_population><_1980_population>88927</_1980_population><_1990_population>94845</_1990_population><_2000_population>109920</_2000_population><_2010_population>113200</_2010_population></row><row _id="row-fvku_ztqb-b7kh" _uuid="00000000-0000-0000-D86D-0B612B61FA8E" _position="0" _address="https://data.cityofnewyork.us/resource/xi7c-iiu2/row-fvku_ztqb-b7kh"><borough>Queens</borough><cd_number>3</cd_number><cd_name>Jackson Heights, North Corona</cd_name><_1970_population>123635</_1970_population><_1980_population>122090</_1980_population><_1990_population>128924</_1990_population><_2000_population>169083</_2000_population><_2010_population>171576</_2010_population></row><row _id="row-4msr-n2za~ch73" _uuid="00000000-0000-0000-0E04-367647A29CA9" _position="0" _address="https://data.cityofnewyork.us/resource/xi7c-iiu2/row-4msr-n2za~ch73"><borough>Queens</borough><cd_number>4</cd_number><cd_name>Elmhurst, South Corona</cd_name><_1970_population>108233</_1970_population><_1980_population>118430</_1980_population><_1990_population>137023</_1990_population><_2000_population>167005</_2000_population><_2010_population>172598</_2010_population></row><row _id="row-gz92.kgfr~nnis" _uuid="00000000-0000-0000-75F7-E376254B4A4B" _position="0" _address="https://data.cityofnewyork.us/resource/xi7c-iiu2/row-gz92.kgfr~nnis"><borough>Queens</borough><cd_number>5</cd_number><cd_name>Ridgewood, Glendale, Maspeth</cd_name><_1970_population>161022</_1970_population><_1980_population>150142</_1980_population><_1990_population>149126</_1990_population><_2000_population>165911</_2000_population><_2010_population>169190</_2010_population></row><row _id="row-8jvq~q5sb.b87j" _uuid="00000000-0000-0000-C72B-20884F3543EF" _position="0" _address="https://data.cityofnewyork.us/resource/xi7c-iiu2/row-8jvq~q5sb.b87j"><borough>Queens</borough><cd_number>6</cd_number><cd_name>Forest Hills, Rego Park</cd_name><_1970_population>120429</_1970_population><_1980_population>112245</_1980_population><_1990_population>106996</_1990_population><_2000_population>115967</_2000_population><_2010_population>113257</_2010_population></row><row _id="row-ssjz~gyut_2eay" _uuid="00000000-0000-0000-56AF-E1E9F0A29BE5" _position="0" _address="https://data.cityofnewyork.us/resource/xi7c-iiu2/row-ssjz~gyut_2eay"><borough>Queens</borough><cd_number>7</cd_number><cd_name>Flushing, Bay Terrace</cd_name><_1970_population>207589</_1970_population><_1980_population>204785</_1980_population><_1990_population>220508</_1990_population><_2000_population>242952</_2000_population><_2010_population>247354</_2010_population></row><row _id="row-mn9k.fdx5-d76y" _uuid="00000000-0000-0000-59A3-48926DF38110" _position="0" _address="https://data.cityofnewyork.us/resource/xi7c-iiu2/row-mn9k.fdx5-d76y"><borough>Queens</borough><cd_number>8</cd_number><cd_name>Fresh Meadows, Briarwood</cd_name><_1970_population>142468</_1970_population><_1980_population>125312</_1980_population><_1990_population>132101</_1990_population><_2000_population>146594</_2000_population><_2010_population>151107</_2010_population></row><row _id="row-9aev-9tdk_pwwx" _uuid="00000000-0000-0000-72F0-8AE4E35CA9E3" _position="0" _address="https://data.cityofnewyork.us/resource/xi7c-iiu2/row-9aev-9tdk_pwwx"><borough>Queens</borough><cd_number>9</cd_number><cd_name>Woodhaven, Richmond Hill</cd_name><_1970_population>110367</_1970_population><_1980_population>109505</_1980_population><_1990_population>112151</_1990_population><_2000_population>141608</_2000_population><_2010_population>143317</_2010_population></row><row _id="row-kfdn-yuwn.tsfd" _uuid="00000000-0000-0000-6EA4-E85D18F633E0" _position="0" _address="https://data.cityofnewyork.us/resource/xi7c-iiu2/row-kfdn-yuwn.tsfd"><borough>Queens</borough><cd_number>10</cd_number><cd_name>Ozone Park, Howard Beach</cd_name><_1970_population>113857</_1970_population><_1980_population>105651</_1980_population><_1990_population>107768</_1990_population><_2000_population>127274</_2000_population><_2010_population>122396</_2010_population></row><row _id="row-4dgn_86j4.wgfb" _uuid="00000000-0000-0000-93C8-FE89BE630A8A" _position="0" _address="https://data.cityofnewyork.us/resource/xi7c-iiu2/row-4dgn_86j4.wgfb"><borough>Queens</borough><cd_number>11</cd_number><cd_name>Bayside, Douglaston, Little Neck</cd_name><_1970_population>127883</_1970_population><_1980_population>110963</_1980_population><_1990_population>108056</_1990_population><_2000_population>116404</_2000_population><_2010_population>116431</_2010_population></row><row _id="row-r4wd_ri2s~w6ev" _uuid="00000000-0000-0000-80BB-65AAA62C7C54" _position="0" _address="https://data.cityofnewyork.us/resource/xi7c-iiu2/row-r4wd_ri2s~w6ev"><borough>Queens</borough><cd_number>12</cd_number><cd_name>Jamaica, St. Albans, Hollis</cd_name><_1970_population>206639</_1970_population><_1980_population>189383</_1980_population><_1990_population>201293</_1990_population><_2000_population>223602</_2000_population><_2010_population>225919</_2010_population></row><row _id="row-en99-3rte_jyhc" _uuid="00000000-0000-0000-3F01-3117A904AB85" _position="0" _address="https://data.cityofnewyork.us/resource/xi7c-iiu2/row-en99-3rte_jyhc"><borough>Queens</borough><cd_number>13</cd_number><cd_name>Queens Village, Rosedale</cd_name><_1970_population>184647</_1970_population><_1980_population>173178</_1980_population><_1990_population>177535</_1990_population><_2000_population>196284</_2000_population><_2010_population>188593</_2010_population></row><row _id="row-xhvt-92a6.d75k" _uuid="00000000-0000-0000-481D-D6AB8E1542F4" _position="0" _address="https://data.cityofnewyork.us/resource/xi7c-iiu2/row-xhvt-92a6.d75k"><borough>Queens</borough><cd_number>14</cd_number><cd_name>The Rockaways, Broad Channel</cd_name><_1970_population>98228</_1970_population><_1980_population>100592</_1980_population><_1990_population>100596</_1990_population><_2000_population>106686</_2000_population><_2010_population>114978</_2010_population></row><row _id="row-zbgh~aag9.qybq" _uuid="00000000-0000-0000-AFAD-1418496A6F03" _position="0" _address="https://data.cityofnewyork.us/resource/xi7c-iiu2/row-zbgh~aag9.qybq"><borough>Staten Island</borough><cd_number>1</cd_number><cd_name>Stapleton, Port Richmond</cd_name><_1970_population>135875</_1970_population><_1980_population>138489</_1980_population><_1990_population>137806</_1990_population><_2000_population>162609</_2000_population><_2010_population>175756</_2010_population></row><row _id="row-3qyf.bixc_s2wt" _uuid="00000000-0000-0000-C12A-5FF48F989C65" _position="0" _address="https://data.cityofnewyork.us/resource/xi7c-iiu2/row-3qyf.bixc_s2wt"><borough>Staten Island</borough><cd_number>2</cd_number><cd_name>New Springville, South Beach</cd_name><_1970_population>85985</_1970_population><_1980_population>105128</_1980_population><_1990_population>113944</_1990_population><_2000_population>127071</_2000_population><_2010_population>132003</_2010_population></row><row _id="row-nmga.e4vd.edvh" _uuid="00000000-0000-0000-B73F-9E7875AD75BF" _position="0" _address="https://data.cityofnewyork.us/resource/xi7c-iiu2/row-nmga.e4vd.edvh"><borough>Staten Island</borough><cd_number>3</cd_number><cd_name>Tottenville, Woodrow, Great Kills</cd_name><_1970_population>72815</_1970_population><_1980_population>108249</_1980_population><_1990_population>126956</_1990_population><_2000_population>152908</_2000_population><_2010_population>160209</_2010_population></row></row></response>